id,source,title,date,description,url,earliest_deadline,deadlines,funding_amounts,emails,phone_numbers,attachments,research_field,grant_type
43,anr,"ERA4Health 2026 - Comprendre et prévenir le surpoids et l'obésité (PREVENT-OO) - Mécanismes de leur apparition et de leur progression, déterminants négligés et nouvelles stratégies pour les périodes cruciales de transition de vie",13/03/2026,"L’ANR s’associe au nouvel appel à projets transnationaux « PREVENT-OO » lancé dans le cadre du Partenariat ERA4Health. Cet appel vise à soutenir la recherche qui améliore la compréhension des causes de l'obésité, du surpoids et des complications associées en utilisant une approche mécaniste/expérimentale, ainsi que des études qui développe des stratégies de santé publique pour la prévention du surpoids et de l’obésité liés aux différentes périodes cruciales de transition de vie.",https://anr.fr/fr/detail/call/era4health-2026-comprendre-et-prevenir-le-surpoids-et-lobesite-prevent-oo-mecanismes-de-leur/,2025-11-13,"[""2025-11-13"", ""2025-11-18"", ""2025-11-21"", ""2025-12-09"", ""2026-01-21"", ""2026-06-11""]",[],"[""prevent-oo@agencerecherche.fr""]",[],"[""https://anr.fr/fileadmin/aap/2026/aap-era4health-prevent-oo-2026-v2.pdf"", ""https://anr.fr/fileadmin/aap/2026/aap-era4health-prevent-oo-2026-annexe-fr-v2.pdf"", ""https://anr.fr/fileadmin/aap/2026/aap-era4health-prevent-oo-2026-pre-proposal-template-v2.docx"", ""https://anr.fr/fileadmin/aap/2026/aap-era4health-prevent-oo-2026-guidelines-applicants-v2.pdf""]",Ciências da Saúde,Projeto / Appel
44,anr,"EP PerMed - CARMEN2026 - Appel à projets transnational conjoint 2026 - Médecine Personnalisée pour les maladies CARdiovasculaires, MEtaboliques et réNales",13/03/2026,"Dans le cadre du partenariat Européen pour la médecine personnalisé, EP PerMed (soutenus par l’Union européenne dans le cadre d’Horizon Europe, accord de subvention n° 101137129), L’Agence Nationale de la Recherche, en partenariat avec 38 organismes de financement, lance son appel à projets transnational conjoint sur le thème « Médecine Personnalisée pour les maladies CARdiovasculaires, MEtaboliques et réNales (CARMEN2026) ». Le budget disponible pour cet appel est de 38 Mio€ (env.).",https://anr.fr/fr/detail/call/ep-permed-carmen2026-appel-a-projets-transnational-conjoint-2026-medecine-personnalisee-pour-l/?utm_source=Newsletter&utm_medium=Email&utm_campaign=decembre-2025,2025-12-05,"[""2025-12-05"", ""2026-02-10"", ""2026-06-09""]",[],"[""eppermed@agencerecherche.fr""]","[""0173548332""]","[""https://anr.fr/fileadmin/aap/2026/aap-eppermed-jtc-carmen-2026.pdf"", ""https://anr.fr/fileadmin/aap/2026/aap-eppermed-jtc-carmen-2026-GuidelinesApplicants.pdf"", ""https://anr.fr/fileadmin/aap/2026/aap-eppermed-jtc-carmen-2026-annexe-fr.pdf"", ""https://anr.fr/fileadmin/aap/2026/aap-eppermed-jtc-carmen-2026-pre-proposal_form.docx""]",Informática e IA,Projeto / Appel
45,anr,AAPG - Appel à projets générique 2026,13/03/2026,"Principal appel de l’Agence nationale de la recherche (ANR), l’Appel à projets générique 2026 (AAPG 2026) s’adresse à toutes les communautés scientifiques et à tous les acteurs publics ou privés impliqués dans la recherche française. Il doit permettre aux chercheurs et chercheuses des différents domaines scientifiques de financer leurs projets de recherche sur un grand nombre de thématiques, finalisées ou non.",https://anr.fr/fr/detail/call/aapg-appel-a-projets-generique-2026/,2025-10-15,"[""2025-10-15"", ""2026-02-17"", ""2026-03-26""]",[],"[""aapg.science@agencerecherche.fr"", ""aapg.science@anr.fr"", ""aapg.adfi@anr.fr""]",[],"[""https://anr.fr/fileadmin/aap/2026/anr-aapg-2026.pdf"", ""https://anr.fr/fileadmin/aap/2026/anr-aapg-2026-guide-v2.0.pdf"", ""https://anr.fr/fileadmin/aap/2026/anr-aapg-2026-Attestation-PRME-Formulaire.docx"", ""https://anr.fr/fileadmin/aap/2026/anr-aapg-2026-Trame-proposition-detaillee-V2.0-Fr.docx"", ""https://anr.fr/fileadmin/aap/2026/Form_full_proposal_AAPG2026_V2.0_Eng.docx"", ""https://anr.fr/fileadmin/aap/2026/anr-aapg-2026-Annexe-budgetaire-obligatoire-partenaires-fr-Lead.docx"", ""https://anr.fr/fileadmin/aap/2026/anr-aapg-2026-FAQ-Etp2-V1.0.pdf"", ""https://anr.fr/fileadmin/aap/2026/anr-aapg-2026-dgos.pdf"", ""https://anr.fr/fileadmin/aap/2026/anr-aapg-2026-prci-DFG.pdf"", ""https://anr.fr/fileadmin/aap/2026/anr-aapg-2026-prci-FWF.pdf"", ""https://anr.fr/fileadmin/aap/2026/anr-aapg-2026-prci-CNPQ.pdf"", ""https://anr.fr/fileadmin/aap/2026/anr-aapg-2026-prci-FACEPE.pdf"", ""https://anr.fr/fileadmin/aap/2026/anr-aapg-2026-prci-FAPESP.pdf"", ""https://anr.fr/fileadmin/aap/2026/anr-aapg-2026-prci-RGC.pdf"", ""https://anr.fr/fileadmin/aap/2026/anr-aapg-2026-prci-FNR.pdf"", ""https://anr.fr/fileadmin/aap/2026/anr-aapg-2026-prci-FRQ.pdf"", ""https://anr.fr/fileadmin/aap/2026/anr-aapg-2026-prci-FNS.pdf"", ""https://anr.fr/fileadmin/aap/2026/anr-aapg-2026-prci-NSTC.pdf""]",Informática e IA,Projeto / Appel
46,anr,THCS 2026 – Transformation des systèmes de santé – Réduire les inégalités d’accès et d’utilisation des services de santé et de soins,13/03/2026,L’ANR est engagée dans le Partenariat « Transforming Health Care Systems » (THCS) et participe à l’appel « Access to Care ».,https://anr.fr/fr/detail/call/thcs-2026-transformation-des-systemes-de-sante-reduire-les-inegalites-dacces-et-dutilisation-d/?utm_source=Newsletter&utm_medium=Email&utm_campaign=novembre-2025,2025-11-21,"[""2025-11-21"", ""2025-12-10"", ""2026-02-02"", ""2026-06-30""]",[],"[""thcs@anr.fr""]",[],"[""https://anr.fr/fileadmin/aap/2026/aap-thcs-jtc-2026.pdf"", ""https://anr.fr/fileadmin/aap/2026/aap-thcs-jtc-2026-guidelines-applicants-v1.0.pdf"", ""https://anr.fr/fileadmin/aap/2026/aap-thcs-jtc-2026-annexe-fr.pdf"", ""https://anr.fr/fileadmin/aap/2026/aap-thcs-jtc-2026-PreProposal_Template.docx""]",Ciências da Saúde,Outro
47,anr,"Appel à projets transnationaux ""Stratégies pour de nouveaux traitements antimicrobiens et pour une meilleure adhérence aux protocoles thérapeutiques existants"" (OH-TREAT 2026)",13/03/2026,L’Agence Nationale de la Recherche (ANR) participe à l’appel à projets transnationaux lancé en 2025 par le partenariat Européen OHAMR (One-Health Antimicrobial Resistance). Cet appel implique 37 organismes de financement de 28 pays différents. Le budget global pour cet appel est de plus de 31 millions d’euros. Cet appel se déroule en deux étapes (pré-propositions/ propositions détaillées).,https://anr.fr/fr/detail/call/appel-a-projets-transnationaux-strategies-pour-de-nouveaux-traitements-antimicrobiens-et-pour-une-m/?utm_source=Newsletter&utm_medium=Email&utm_campaign=decembre-2025,2025-11-18,"[""2025-11-18"", ""2026-02-02"", ""2026-06-17""]","[""250 000 euros"", ""330 000 euros"", ""450 000 euros""]","[""eupohamr_calls@agencerecherche.fr""]",[],"[""https://anr.fr/fileadmin/aap/2026/aap-ohtreat-2026.pdf"", ""https://anr.fr/fileadmin/aap/2026/aap-ohtreat-2026-annexe-fr.pdf"", ""https://anr.fr/fileadmin/aap/2026/aap-ohtreat-2026-Pre-Proposal.docx""]",Ciências da Saúde,Projeto / Appel
48,anr,"EP PerMed - Appel à projets en Recherche, Innovation et Technologie (RITC) 2026 - Test et Démonstration de l’Utilisation de Données Multimodales pour la Médecine Personnalisée (MultiPMData2026)",13/03/2026,"Dans le cadre du partenariat européen pour la médecine personnalisée (MP), EP PerMed (soutenu par l’Union européenne dans le cadre d’Horizon Europe, accord de subvention n° 101137129), l’Agence Nationale de la Recherche (ANR), en collaboration avec 19 agences de financements, lance un appel à projets transnational conjoint en Recherche, Innovation et Technologie (RITC) 2026 - Test et Démonstration de l’Utilisation de Données Multimodales pour la Médecine Personnalisée (acronyme « MultiPMData2026 »). Le budget disponible pour cet appel à projets est de 14.5 Mio €.",https://anr.fr/fr/detail/call/ep-permed-appel-a-projets-en-recherche-innovation-et-technologie-ritc-2026-test-et-demonstrat/?utm_source=Newsletter&utm_medium=Email&utm_campaign=octobre-2025,2025-10-02,"[""2025-10-02"", ""2025-11-13"", ""2026-01-12"", ""2026-04-27""]",[],"[""eppermed@agencerecherche.fr""]",[],"[""https://anr.fr/fileadmin/aap/2026/aap-eppermed-ritc-2026-v2.pdf"", ""https://anr.fr/fileadmin/aap/2026/aap-eppermed-ritc-2026-GuidelinesApplicants-12112025.pdf"", ""https://anr.fr/fileadmin/aap/2026/aap-eppermed-ritc-2026-annexe-fr.pdf"", ""https://anr.fr/fileadmin/aap/2026/aap-eppermed-ritc-2026-pre-proposal-form.docx""]",Informática e IA,Projeto / Appel
49,anr,Appel à projets conjoint ANR/DST 2026 en Mathématiques Appliquées et Intelligence Artificielle,13/03/2026,"Lors de la deuxième réunion du comité mixte franco-indien pour la science et la technologie (JCST) à Delhi, le 18 janvier 2024, l’Agence nationale de la recherche (ANR) et le Département des Sciences et Technologies du gouvernement indien (DST) ont convenu de mettre en place de nouveaux appels à projets cofinancés afin de poursuivre et d'intensifier la coopération scientifique entre la France et l’Inde.",https://anr.fr/fr/detail/call/appel-a-projets-conjoint-anrdst-2026-en-mathematiques-appliquees-et-intelligence-artificielle/,2026-02-19,"[""2026-02-19"", ""2026-04-20""]",[],"[""eugenio.echague@agencerecherche.fr"", ""mamadou.mboup@agencerecherche.fr""]",[],"[""https://anr.fr/fileadmin/aap/2026/aap-anr-dst-mia-2026.pdf"", ""https://anr.fr/fileadmin/aap/2026/aap-anr-dst-mia-2026-annexe-fr.pdf"", ""https://anr.fr/fileadmin/aap/2026/aap-anr-dst-mia-2026-Full-proposal-template.docx""]",Geral,Projeto / Appel
50,anr,Appel à candidatures Programme CARNOT 2026,13/03/2026,,https://anr.fr/fr/detail/call/appel-a-candidatures-programme-carnot-2026/,2025-11-28,"[""2025-11-28"", ""2026-03-10"", ""2026-03-13"", ""2026-04-09""]",[],"[""question-aac-carnot@agencerecherche.fr""]",[],"[""https://anr.fr/fileadmin/aap/2026/aac-carnot-2026-032026.pdf"", ""https://anr.fr/fileadmin/aap/2026/aac-carnot-2026-document-de-soumission-mars2026.docx"", ""https://anr.fr/fileadmin/aap/2026/aac-carnot-2026-document-engagements.docx"", ""https://anr.fr/fileadmin/aap/2026/aac-carnot-2026-FAQ-13032026.pdf""]",Geral,Outro
51,anr,Chaires industrielles - édition 2026,13/03/2026,L’Agence nationale de la recherche (ANR) a dans ses missions la stimulation des coopérations entre acteurs publics et acteurs privés de la recherche. Cette stimulation se traduit notamment par le programme « Chaires Industrielles » et dédié à la recherche partenariale. Ce programme fait partie de la composante « Impact économique de la recherche et compétitivité » du Plan d’action de l’ANR.,https://anr.fr/fr/detail/call/chaires-industrielles-edition-2026-1/,2026-02-23,"[""2026-02-23"", ""2026-05-21""]",[],"[""celestin.bakala@agencerecherche.fr""]",[],"[""https://anr.fr/fileadmin/aap/2026/aap-chin-2026.pdf"", ""https://anr.fr/fileadmin/aap/2026/aap-chin-2026-TRAME-DOC-SCIENTIFIQUE.doc"", ""https://anr.fr/fileadmin/aap/2026/aap-chin-2026-Annexe.xlsx""]",Ciências da Saúde,Outro
52,anr,"LabCom 2026 - Laboratoires communs organismes de recherche publics – PME, ETI et Start up",13/03/2026,"L’objet de ce programme est d’inciter les acteurs de la recherche académique à créer des partenariats structurés à travers la co-construction de « Laboratoires Communs » entre une PME ou une ETI et un laboratoire d’organisme de recherche. Un Laboratoire Commun est défini par la signature d’un contrat définissant son fonctionnement, et notamment :",https://anr.fr/fr/detail/call/labcom-2026-laboratoires-communs-organismes-de-recherche-publics-pme-eti-et-start-up/,2025-12-23,"[""2025-12-23"", ""2026-02-27"", ""2026-09-22""]",[],"[""labcom@agencerecherche.fr""]",[],"[""https://anr.fr/fileadmin/aap/2026/aap-labcom-2026.pdf"", ""https://anr.fr/fileadmin/aap/2026/aap-labcom-2026-document-scientifique.docx""]",Informática e IA,Outro
53,anr,Partenariat AGROECOLOGY 2026 : Favoriser la diversité génétique des plantes et des animaux d’élevage et renforcer les capacités des agriculteurs à s’engager dans la transition agroécologique,13/03/2026,"Le partenariat AGROECOLOGY, financé par l’Union Européenne dans le cadre d’Horizon Europe, réunissant la Commission Européenne et 72 partenaires de 26 pays, est un programme de recherche-innovation qui vise à accélérer la transition agroécologique en développant un réseau de laboratoires vivants (living labs) et d'infrastructures de recherche, permettant la production de solutions innovantes par une démarche multi-acteurs et une expérimentation en situation réelle.",https://anr.fr/fr/detail/call/partenariat-agroecology-2026-favoriser-la-diversite-genetique-des-plantes-et-des-animaux-delevage/,2026-01-19,"[""2026-01-19"", ""2026-02-18"", ""2026-07-08""]",[],"[""aap-agroecology@agencerecherche.fr"", ""ptj-agroecology-call-office@fz-juelich.de""]",[],"[""https://anr.fr/fileadmin/aap/2027/aap-agroeco3-2027.pdf"", ""https://anr.fr/fileadmin/aap/2027/aap-agroeco3-2027-annexe-fr.pdf""]",Informática e IA,Outro
54,anr,"Appel à projets Animal Health and Welfare ""Façonner l'avenir de la santé et du bien-être des animaux"" - EUPAHW 2027",13/03/2026,"Le partenariat européen pour la santé et le bien-être des animaux (EUPAHW) vise à garantir que les systèmes d'élevage, d'aviculture et d'aquaculture fonctionnent de manière durable, dans l'intérêt de la santé et du bien-être des animaux et de la société. L'appel transnational cofinancé 2026, qui est le deuxième appel EUPAHW, rassemble les ressources financières nationales et régionales des ministères et des organismes de financement (OF) de 24 pays, chacun étant chargé de soutenir la recherche et l'innovation, avec un cofinancement de l'Union européenne.",https://anr.fr/fr/detail/call/appel-a-projets-animal-health-and-welfare-faconner-lavenir-de-la-sante-et-du-bien-etre-des-animaux/,2026-03-10,"[""2026-03-10"", ""2026-03-30"", ""2026-09-16""]",[],"[""nuria.ruiz@agencerecherche.fr"", ""isabelle.hippolyte@agencerecherche.fr""]",[],"[""https://anr.fr/fileadmin/aap/2027/aap-eupahw-2027.pdf"", ""https://anr.fr/fileadmin/aap/2027/aap-eupahw-2027-annexe-fr.pdf""]",Ciências da Saúde,Projeto / Appel
55,anr,Belmont Forum - OCEAN 2 - Vers l'océan que nous voulons : biodiversité et durabilité des écosystèmes pour la nature et le bien-être humain,13/03/2026,"Le Belmont Forum, partenariat international d'organismes de financement de la recherche dont l'ANR est membre, lance un appel à projets dans le domaine des sciences océaniques. Cet appel, intitulé « OCEAN 2 : Towards the Ocean We Want : Biodiversity and Ecosystem Sustainability for Nature and Human Well-being », vise à coordonner des actions et des projets à travers une approche transdisciplinaire, favorisant la co-création, la co-conception et la co-implémentation de solutions innovantes pour répondre aux défis environnementaux globaux liés à l'océan, à sa biodiversité, des gènes aux écosystèmes.",https://anr.fr/fr/detail/call/belmont-forum-ocean-2-vers-locean-que-nous-voulons-biodiversite-et-durabilite-des-ecosystemes/?utm_source=Newsletter&utm_medium=Email&utm_campaign=juin-2025,2025-06-25,"[""2025-06-25"", ""2026-04-30""]",[],"[""johann.muller@anr.fr""]",[],"[""https://anr.fr/fileadmin/aap/2027/aap-belmont-ocean2-2027-fr.pdf"", ""https://anr.fr/fileadmin/aap/2027/aap-belmont-ocean2-2027-en.pdf"", ""https://anr.fr/fileadmin/aap/2027/aap-belmont-ocean2-2027-es.pdf"", ""https://anr.fr/fileadmin/aap/2027/aap-belmont-ocean2-2027-pt.pdf"", ""https://anr.fr/fileadmin/aap/2027/aap-belmont-ocean2-2027-annexe-fr-v2.pdf""]",Informática e IA,Projeto / Appel
56,anr,Pré-annonce : Coopération bilatérale JST-ANR dans le cadre du programme JST-CREST 2026,13/03/2026,"Pour l’édition 2026, l’ANR renouvelle son accord de collaboration avec l’agence japonaise pour la science et la technologie (JST) dans le cadre du programme JST-CREST. Deux domaines de recherche du CREST sont définis comme des domaines de recherche prioritaires communs :",https://anr.fr/fr/detail/call/pre-annonce-cooperation-bilaterale-jst-anr-dans-le-cadre-du-programme-jst-crest-2026/,,[],[],[],[],[],Informática e IA,Outro
57,anr,"BiodivConnect - Restauration de la fonctionnalité, de l’intégrité et de la connectivité des écosystèmes - Biodiversa+ 2025-2026",13/03/2026,"Biodiversa+ lance un nouvel appel à projets de recherche transnationaux co-financés par la Commission Européenne « BiodivConnect ». Cet appel financera une recherche inter- et transdisciplinaire sur la restauration de la fonctionnalité, de l’intégrité et de la connectivité de tous types d’écosystèmes et habitats, à travers le monde.",https://anr.fr/fr/detail/call/biodivconnect-restauration-de-la-fonctionnalite-de-lintegrite-et-de-la-connectivite-des-ecosyste/?utm_source=Newsletter&utm_medium=Email&utm_campaign=juin-2025,2025-09-19,"[""2025-09-19"", ""2025-11-07"", ""2026-04-14""]",[],"[""biodiversa.cs@agencerecherche.fr"", ""epss.biodiversa@g.etag""]",[],"[""https://anr.fr/fileadmin/aap/2026/aap-biodivconnect-2026.pdf"", ""https://anr.fr/fileadmin/aap/2026/aap-biodivconnect-2026-annexe-fr.pdf"", ""https://anr.fr/fileadmin/aap/2026/aap-biodivconnect-2026-webinaire-09112025.pdf"", ""https://www.biodiversa.eu/wp-content/uploads/2022/12/stakeholder-engagement-handbook.pdf""]",Informática e IA,Projeto / Appel
58,anr,"FutureFoodS Appel 2025 : Accélérer la durabilité alimentaire grâce à l'évolution des habitudes alimentaires des ménages, à la confiance et à la transparence, et aux innovations dans les systèmes circulaires de transformation des aliments",13/03/2026,Le partenariat européen pour un avenir durable des systèmes alimentaires (FutureFoodS) lance son deuxième appel à projets de recherche transnationaux. Cet appel est co-financé par la Commission Européenne.,https://anr.fr/fr/detail/call/futurefoods-appel-2025-accelerer-la-durabilite-alimentaire-grace-a-levolution-des-habitudes-alime/,2025-12-11,"[""2025-12-11"", ""2025-12-16"", ""2025-12-17"", ""2026-02-11"", ""2026-07-27""]",[],"[""claude.yven@anr.fr""]",[],"[""https://anr.fr/fileadmin/aap/2026/aap-futurefoods-2026.pdf"", ""https://anr.fr/fileadmin/aap/2026/aap-futurefoods-2026-annexe-fr.pdf""]",Informática e IA,Projeto / Appel
59,anr,4e édition de l’appel à projets transnational dans le cadre du Partenariat européen Driving Urban Transitions - DUT 2025,13/03/2026,"Le quatrième appel conjoint du partenariat Driving Urban Transitions (DUT), soutenu par la Commission européenne dans le cadre du programme Horizon Europe, continuité de la JPI Urban Europe, mobilise 28 pays et 67 partenaires pour soutenir l’écosystème européen d’innovation dans le champ urbain pour la quatrième année consécutive.",https://anr.fr/fr/detail/call/4e-edition-de-lappel-a-projets-transnational-dans-le-cadre-du-partenariat-europeen-driving-urban-tr/?utm_source=Newsletter&utm_medium=Email&utm_campaign=septembre-2025,2025-09-15,"[""2025-09-15"", ""2025-11-17"", ""2026-04-23""]",[],"[""call@dutpartnership.eu"", ""amina.ghorbel@agencerecherche.fr"", ""pascal.bain@agencerecherche.fr""]",[],"[""https://anr.fr/fileadmin/aap/2026/aap-dut-2026.pdf"", ""https://anr.fr/fileadmin/aap/2026/aap-dut-2026-annexe-fr.pdf""]",Informática e IA,Projeto / Appel
60,anr,ERDERA 2026 - Résoudre des cas non résolus dans des maladies génétiques et non génétiques rares grâce à la validation des variants et à de nouvelles approches technologiques,13/03/2026,"Le 2ème appel d’ERDERA vise à faire face au challenge du diagnostic dans les maladies rares. En effet, environ 50 % des patients présentant une suspicion de maladie génétique rare restent non diagnostiqués ou mal diagnostiqués malgré des soins génétiques cliniques standards. De plus, les maladies rares d'origine non génétique - représentant environ 10 % de tous les cas de maladies rares, restent un domaine peu étudié. En moyenne, il faut environ 5 ans pour établir un diagnostic précis pour un patient atteint d'une maladie rare. Étant donné la complexité de ces troubles, des approches diagnostiques multiples et complémentaires sont nécessaires.",https://anr.fr/fr/detail/call/erdera-2026-resoudre-des-cas-non-resolus-dans-des-maladies-genetiques-et-non-genetiques-rares-grac/?utm_source=Newsletter&utm_medium=Email&utm_campaign=decembre-2025,2025-12-10,"[""2025-12-10"", ""2026-02-12"", ""2026-07-08""]",[],"[""erderacall@agencerecherche.fr""]",[],"[""https://anr.fr/fileadmin/aap/2026/aap-erdera-2026.pdf"", ""https://anr.fr/fileadmin/aap/2026/aap-erdera-2026-annexe-fr.pdf"", ""https://anr.fr/fileadmin/aap/2026/aap-erdera-2026-Pre-proposal.docx"", ""https://anr.fr/fileadmin/aap/2026/aap-erdera-2026-Guidelines.pdf""]",Informática e IA,Outro
61,anr,"Second appel à projets transnational : ""Long-term Joint Europe-Africa Research and Innovation Projects on Sustainable Energy"" (LEAP-SE)",13/03/2026,"L'appel conjoint LEAP-SE 2026 est le deuxième appel du partenariat LEAP-SE, cofinancé par l’Union Européenne dans le cadre du programme Horizon Europe. Pour la France, l’ANR participe au financement de cet appel, conjointement avec LARI (La Réunion Innovation – La Réunion).",https://anr.fr/fr/detail/call/second-appel-a-projets-transnational-long-term-joint-europe-africa-research-and-innovation-projec/,2025-12-05,"[""2025-12-05"", ""2025-12-08"", ""2026-02-05"", ""2026-06-24""]",[],"[""justine.pallu@agencerecherche.fr"", ""marie-laure.tarot@agencerecherche.fr""]",[],"[""https://anr.fr/fileadmin/aap/2027/aap-leap-se-2027.pdf"", ""https://anr.fr/fileadmin/aap/2027/aap-leap-se-2027-annexe-fr.pdf""]",Informática e IA,Projeto / Appel
62,anr,"Appel à projet conjoint ""Chlordécone II : sociétés et multi exposition""",13/03/2026,"Le chlordécone est un insecticide organochloré utilisé dans le monde entier depuis les années 1960. En raison de sa forte toxicité, de sa bioamplification et de sa persistance à long terme dans l'environnement, il a été interdit en France en 1990, sauf aux Antilles françaises où il a été autorisé en application sur les sols pour lutter contre le charançon du bananier jusqu'en 1993. Au cours de plus de deux décennies d'utilisation, ce pesticide a lourdement contaminé les écosystèmes, entraînant des conséquences délétères pour l'environnement et la santé.",https://anr.fr/fr/detail/call/appel-a-projet-conjoint-chlordecone-ii-societes-et-multi-exposition/?utm_source=Newsletter&utm_medium=Email&utm_campaign=janvier-2026,2025-12-29,"[""2025-12-29"", ""2026-05-06""]",[],"[""antoine.morisot@anr.fr""]",[],"[""https://anr.fr/fileadmin/aap/2026/aap-chld2-2026.pdf"", ""https://anr.fr/fileadmin/aap/2026/aap-chld2-2026-CV.docx"", ""https://anr.fr/fileadmin/aap/2026/aap-chld2-2026-Trame.docx""]",Ciências da Saúde,Outro
63,anr,Appel à projets Transnational Conjoint Water4All 2025 « Eau et santé »,13/03/2026,Les agences de financement européennes et internationales de 30 pays lancent un appel à projets transnational pour financer des projets de recherche et d'innovation sur « Eau et santé ».,https://anr.fr/fr/detail/call/appel-a-projets-transnational-conjoint-water4all-2025-eau-et-sante/?utm_source=Newsletter&utm_medium=Email&utm_campaign=septembre-2025,2025-09-12,"[""2025-09-12"", ""2025-11-13"", ""2026-04-13""]",[],[],[],"[""https://www.water4all-partnership.eu/sites/www.water4all-partnership.eu/files/2023-02/Water4All_SRIA-2022-2025_A4_2311_bd.pdf"", ""https://ec.europa.eu/info/funding-tenders/opportunities/docs/2021-2027/common/guidance/list-3rd-country-participation_horizon-euratom_en.pdf"", ""https://anr.fr/fileadmin/aap/2026/aap-water4all-2026.pdf"", ""https://anr.fr/fileadmin/aap/2026/aap-water4all-2026-annexe-fr.pdf"", ""https://anr.fr/fileadmin/aap/2026/aap-water4all-2026-webinaire-international.pdf"", ""https://anr.fr/fileadmin/aap/2026/aap-water4all-2026-webinaire-francais.pdf""]",Ciências da Saúde,Projeto / Appel
64,anr,AAPG - Appel à projets générique 2025,13/03/2026,"Principal appel de l’Agence nationale de la recherche (ANR), l’Appel à projets générique 2025 (AAPG 2025) s’adresse à toutes les communautés scientifiques et à tous les acteurs publics ou privés impliqués dans la recherche française. Il doit permettre aux chercheurs et chercheuses des différents domaines scientifiques, d’accéder, en complément des financements récurrents qui leur sont alloués, à des co-financements sur un grand nombre de thématiques de recherche, finalisées ou non.",https://anr.fr/fr/detail/call/aapg-appel-a-projets-generique-2025/,2025-02-18,"[""2025-02-18"", ""2025-03-27"", ""2025-05-27""]",[],"[""aapg.science@agencerecherche.fr"", ""aapg.adfi@anr.fr"", ""aapg.science@anr.fr""]",[],"[""https://anr.fr/fileadmin/aap/2025/selection/aapg-2025-selection-vague1.pdf"", ""https://anr.fr/fileadmin/aap/2025/selection/aapg-2025-selection-vague2.pdf"", ""https://anr.fr/fileadmin/aap/2025/selection/aapg-2025-selection-vague3.pdf"", ""https://anr.fr/fileadmin/aap/2025/selection/aapg-2025-selection-vague4.pdf"", ""https://anr.fr/fileadmin/aap/2025/selection/aapg-2025-selection.pdf"", ""https://anr.fr/fileadmin/aap/2025/selection/aapg-2025-selection-CE.pdf"", ""https://anr.fr/fileadmin/aap/2025/ANR-AAPG-2025.pdf"", ""https://anr.fr/fileadmin/aap/2025/ANR-AAPG-2025-Trame-proposition-detaillee.docx"", ""https://anr.fr/fileadmin/aap/2025/ANR-AAPG-2025-Form-full-proposal.docx"", ""https://anr.fr/fileadmin/aap/2025/ANR-AAPG-2025-Attestation-PRME-Formulaire.docx"", ""https://anr.fr/fileadmin/aap/2025/ANR-AAPG-2025-Guide-V1.0.pdf"", ""https://anr.fr/fileadmin/aap/2025/ANR-AAPG-2025-FAQ-Etp2-V1.0.pdf"", ""https://anr.fr/fileadmin/aap/2025/ANR-AAPG-2025-Annexe-Cofin-DGOS.pdf"", ""https://anr.fr/fileadmin/aap/2025/ANR-AAPG-2025-prci-nsf-chem.pdf"", ""https://anr.fr/fileadmin/aap/2025/ANR-AAPG-2025-prci-nsf-neuro.pdf"", ""https://anr.fr/fileadmin/aap/2025/ANR-AAPG-2025-prci-nsf-quant.pdf"", ""https://anr.fr/fileadmin/aap/2025/ANR-AAPG-2025-prci-nsf-num.pdf"", ""https://anr.fr/fileadmin/aap/2025/ANR-AAPG-2025-prci-dfg.pdf"", ""https://anr.fr/fileadmin/aap/2025/ANR-AAPG-2025-prci-fwf.pdf"", ""https://anr.fr/fileadmin/aap/2025/ANR-AAPG-2025-prci-facepe.pdf"", ""https://anr.fr/fileadmin/aap/2025/ANR-AAPG-2025-prci-fapesp.pdf"", ""https://anr.fr/fileadmin/aap/2025/ANR-AAPG-2025-prci-crsng.pdf"", ""https://anr.fr/fileadmin/aap/2025/ANR-AAPG-2025-prci-rgc-2.pdf"", ""https://anr.fr/fileadmin/aap/2025/ANR-AAPG-2025-prci-fnr.pdf"", ""https://anr.fr/fileadmin/aap/2025/ANR-AAPG-2025-prci-frq.pdf"", ""https://anr.fr/fileadmin/aap/2025/ANR-AAPG-2025-prci-nstc.pdf"", ""https://anr.fr/fileadmin/aap/2025/ANR-AAPG-2025-prci-fns.pdf"", ""https://anr.fr/fileadmin/aap/2025/selection/aapg-2025-selection-prci-nsf-chem.pdf"", ""https://anr.fr/fileadmin/aap/2025/selection/aapg-2025-selection-prci-nsf-neuro.pdf"", ""https://anr.fr/fileadmin/aap/2025/selection/aapg-2025-selection-prci-nsf-quant.pdf"", ""https://anr.fr/fileadmin/aap/2025/selection/aapg-2025-selection-prci-nsf-num.pdf"", ""https://anr.fr/fileadmin/aap/2025/selection/aapg-2025-selection-prci-dfg.pdf"", ""https://anr.fr/fileadmin/aap/2025/selection/aapg-2025-selection-prci-fwf.pdf"", ""https://anr.fr/fileadmin/aap/2025/selection/aapg-2025-selection-prci-facepe.pdf"", ""https://anr.fr/fileadmin/aap/2025/selection/aapg-2025-selection-prci-fapesp.pdf"", ""https://anr.fr/fileadmin/aap/2025/selection/aapg-2025-selection-prci-crsng.pdf"", ""https://anr.fr/fileadmin/aap/2025/selection/aapg-2025-selection-prci-rgc.pdf"", ""https://anr.fr/fileadmin/aap/2025/selection/aapg-2025-selection-prci-fnr.pdf"", ""https://anr.fr/fileadmin/aap/2025/selection/aapg-2025-selection-prci-frq.pdf"", ""https://anr.fr/fileadmin/aap/2025/selection/aapg-2025-selection-prci-nstc.pdf"", ""https://anr.fr/fileadmin/aap/2025/selection/aapg-2025-selection-prci-fns.pdf""]",Informática e IA,Projeto / Appel
65,anr,"3e appel à projets transnationaux cofinancé du partenariat SBEP : Numérisation et innovation pour la résilience des écosystèmes marins, des entreprises et des communautés, afin de renforcer la compétitivité de l’économie bleue de l’Union Européenne",13/03/2026,"Le partenariat européen sur l’économie bleue durable (Sustainable Blue Economy Partnership) lance son troisième appel à projets transnationaux cofinancé, intitulé « Numérisation et innovation pour la résilience des écosystèmes marins, des entreprises et des communautés, afin de renforcer la compétitivité de l’économie bleue de l’Union Européenne ». Le partenariat s’engage à promouvoir la transition écologique et numérique des activités économiques liées aux bassins maritimes régionaux bordant l’UE, notamment l’océan Atlantique, la mer Baltique, la mer Noire, la mer Méditerranée et la mer du Nord.",https://anr.fr/fr/detail/call/3e-appel-a-projets-transnationaux-cofinance-du-partenariat-sbep-numerisation-et-innovation-pour-la/?utm_source=Newsletter&utm_medium=Email&utm_campaign=septembre-2025,2025-09-19,"[""2025-09-19"", ""2025-11-17"", ""2026-06-17""]",[],"[""epss.sbep@g.etag.ee"", ""sbep.call-secretariat@uefiscdi.ro"", ""sbep-callsfr@agencerecherche.fr""]",[],"[""https://anr.fr/fileadmin/aap/2026/aap-sbep-2026.pdf"", ""https://anr.fr/fileadmin/aap/2026/aap-sbep-2026-annexe-fr.pdf"", ""https://anr.fr/fileadmin/aap/2026/aap-sbep-2026-3rdcall_webinar_slides.pdf"", ""https://anr.fr/fileadmin/aap/2026/aap-sbep-2026-PRESENTATION-260925.pdf""]",Informática e IA,Projeto / Appel
66,anr,"Appel à projets – FLASH ""Coopérations scientifiques France-Groenland"" Edition 2026",13/03/2026,"Le Groenland occupe aujourd’hui une place singulière au croisement d’enjeux scientifiques majeurs et de tensions géopolitiques croissantes. Territoire clé pour la compréhension des dynamiques climatiques et environnementales globales, il est également concerné par des transformations rapides affectant ses écosystèmes, ses ressources naturelles, ses infrastructures et ses habitants, à majorité autochtones.",https://anr.fr/fr/detail/call/appel-a-projets-flash-cooperations-scientifiques-france-groenland-edition-2026/?utm_source=Newsletter&utm_medium=Email&utm_campaign=fevrier-2026,2026-02-24,"[""2026-02-24"", ""2026-05-05""]",[],"[""flash_groenland@agencerecherche.fr""]",[],"[""https://anr.fr/fileadmin/aap/2026/aap-flash-groenland-2026.pdf"", ""https://anr.fr/fileadmin/aap/2026/aap-flash-groenland-2026-Trame-DS.docx"", ""https://anr.fr/fileadmin/aap/2026/aap-flash-groenland-2026-Trame-CV.docx""]",Ciências da Saúde,Projeto / Appel
67,anr,"Appel Afrique-Europe – ""Services climatiques pour la réduction des risques en Afrique de l’Ouest"" (CS4RRA) – 2026",13/03/2026,"Les agences de financement européennes et africaines ainsi que la JPI Climat lancent un appel à projets transnational pour financer des projets de recherche et d’innovation, intitulé « Les Services Climatiques pour la Réduction des Risques en Afrique de l’Ouest ». L'objectif stratégique de l'initiative CS4RRA est de développer des stratégies vers la résilience climatique en Afrique de l'Ouest en contribuant à une coopération multinationale à long terme.",https://anr.fr/fr/detail/call/appel-afrique-europe-services-climatiques-pour-la-reduction-des-risques-en-afrique-de-louest-c/?utm_source=Newsletter&utm_medium=Email&utm_campaign=juin-2025,2025-05-30,"[""2025-05-30"", ""2025-09-11""]",[],"[""call-secretariat@csr4rra.de"", ""cs4rra@anr.fr""]",[],"[""https://anr.fr/fileadmin/aap/2026/aap-cs4rra-2026-v2.pdf"", ""https://anr.fr/fileadmin/aap/2026/aap-cs4rra-2026-annexe-fr-v2.pdf"", ""https://anr.fr/fileadmin/aap/2026/aap-CS4RRA-2026-Call-2025-MoU-Annex-I-FP-Requirements-Final.pdf"", ""https://anr.fr/fileadmin/aap/2026/aap-CS4RRA-2026-partners-directory.pdf"", ""https://anr.fr/fileadmin/aap/2026/aap-CS4RRA-2026-Slides-information-webinar-Final-24juin.pdf"", ""https://anr.fr/fileadmin/aap/2026/aap-CS4RRA-2026-webinar-QA-final.pdf"", ""https://anr.fr/fileadmin/aap/2026/aap-cs4rra-2026-webinaire-anr-juin-2025.pdf""]",Informática e IA,Projeto / Appel
68,anr,ASMA 2026 : Accompagnement Spécifique des Travaux de Recherches et d’Innovation Défense : Maturation et valorisation,13/03/2026,"L’Agence nationale de la recherche lance en partenariat avec l’Agence de l’innovation de défense (AID) – service à compétence nationale rattaché à la Direction générale de l’armement (DGA) –, l’édition 2026 de l’appel à projets ASTRID Maturation, « Accompagnement Spécifique des travaux de Recherches et d’Innovation Défense : Maturation et valorisation ». Ce programme est financé totalement par l’AID et est hébergé à l’ANR qui assure sa mise en œuvre.",https://anr.fr/fr/detail/call/asma-2026-accompagnement-specifique-des-travaux-de-recherches-et-dinnovation-defense-maturation/?utm_source=Newsletter&utm_medium=Email&utm_campaign=janvier-2026,2025-12-23,"[""2025-12-23"", ""2026-02-16"", ""2026-02-23"", ""2026-05-25""]",[],"[""florence.lasek@agencerecherche.fr"", ""etienne.sabarthes@agencerecherche.fr"", ""emmanuel.betranhandy@agencerecherche.fr""]",[],"[""https://anr.fr/fileadmin/aap/2026/aap-asma-2026.pdf"", ""https://anr.fr/fileadmin/aap/2026/aap-asma-2026-PI.docx"", ""https://anr.fr/fileadmin/aap/2026/aap-asma-2026-FAQ.pdf"", ""https://anr.fr/fileadmin/aap/2026/aap-asma-2026-trame.docx"", ""https://anr.fr/fileadmin/aap/2026/aap-asma-2026-guide-v2.pdf""]",Informática e IA,Projeto / Appel
69,anr,Appel à candidatures – Chaires d’excellence : Tremplin Outre-Mer,13/03/2026,"Les territoires ultramarins constituent des espaces stratégiques pour la recherche française, en raison : de leurs spécificités environnementales, climatiques, sanitaires, sociétales et culturelles ; de leur positionnement géographique dans des zones clés (Caraïbes, Amazonie, Océan Indien, Pacifique) ; de leur potentiel de rayonnement scientifique et diplomatique à l’échelle régionale (bassins) et internationale.",https://anr.fr/fr/detail/call/appel-a-candidatures-chaires-dexcellence-tremplin-outre-mer/,2026-02-27,"[""2026-02-27"", ""2026-05-05""]",[],"[""tremplinom@agencerecherche.fr""]",[],"[""https://anr.fr/fileadmin/aap/2026/aac-chexc-tOM-2026.pdf"", ""https://anr.fr/fileadmin/aap/2026/aac-chexc-tOM-2026-Trame-DS.docx"", ""https://anr.fr/fileadmin/aap/2026/aac-chexc-tOM-2026-Trame-CV.docx""]",Informática e IA,Outro
5,ua,Recrutamento de investigador doutorado (nível 2): área Ciência e Eng. dos Materiais,27 fevereiro 2026,"Encontra-se aberto concurso, de âmbito internacional, para recrutamento na modalidade de contrato de trabalho a termo resolutivo incerto celebrado ao abrigo do Código de Trabalho, de 1 (um) Investigador Doutorado de Nível 2 para o exercício de atividades de investigação na área científica de Ciência e Engenharia dos Materiais, suportado pelo orçamento do projeto COOLBRAIN.",http://www.ua.pt/pt/noticias/3/95837/,2026-02-27,"[""2026-02-27"", ""2026-03-13""]",[],"[""sgrh-concursosdl57-2016@ua.pt""]",[],[],Engenharia e Tecnologia,Outro
8,ua,Recrutamento de investigador doutorado na área de Nanociências e Nanotecnologia,27 fevereiro 2026,"Encontra-se aberto concurso, de âmbito internacional, para recrutamento na modalidade de contrato de trabalho a termo resolutivo incerto celebrado ao abrigo do Código de Trabalho, de 1 (um) Investigador Doutorado de Nível Inicial para o exercício de atividades de investigação científica na área científica de Nanociências e Nanotecnologia, no âmbito do projeto “C2+toNH3"".",http://www.ua.pt/pt/noticias/3/95828/,2026-02-27,"[""2026-02-27"", ""2026-03-13""]",[],"[""sgrh-concursosdl57-2016@ua.pt""]",[],[],Engenharia e Tecnologia,Outro
11,ua,Recrutamento de investigador: área de Eng.ª Mecânica,27 fevereiro 2026,"Encontra-se aberto concurso, de âmbito internacional, para recrutamento na modalidade de contrato de trabalho a termo resolutivo incerto celebrado ao abrigo do Código de Trabalho, de 1 (um) Investigador Doutorado de Nível Inicial para o exercício de atividades de investigação científica na área científica de Engenharia Mecânica, subárea de Mecânica Aplicada e Computacional, no âmbito do projeto I-ReTiS-LeaksD&Op.",http://www.ua.pt/pt/noticias/3/95834/,2026-02-27,"[""2026-02-27"", ""2026-03-27""]",[],"[""sgrh-concursosdl57-2016@ua.pt""]",[],[],Engenharia e Tecnologia,Outro
18,ua,Bolsa de investigação em Engenharia Biomédica: EdtlB.7-DFis/2026(7619),27 fevereiro 2026,Candidaturas até 27 de março de 2026.,http://www.ua.pt/pt/noticias/3/95830/,2026-03-16,"[""2026-03-16"", ""2026-03-27"", ""2026-07-31""]",[],"[""fis.secretaria@ua.pt""]",[],[],Ciências da Saúde,Bolsa de Investigação
13,ua,Bolsa de investigação - Química,24 fevereiro 2026,"Encontra-se aberto concurso para a atribuição de 1 (uma) Bolsa de Investigação (BI) no âmbito do projeto/unidade de I&D MINIONS - Mimetizando a catálise inspirada nas nitrogenases em MXenos terminados por enxofre, 2024.16387.PEX, do CICECO - Instituto de Materiais de Aveiro, nas seguintes condições:",http://www.ua.pt/pt/noticias/3/95758/,2026-02-25,"[""2026-02-25"", ""2026-03-25""]","[""€ 1.309,64"", ""€300""]","[""jrgomes@ua.pt""]",[],[],Informática e IA,Bolsa de Investigação
37,ua,Bolsas de Iniciação à Investigação: Agenda PRR 'NEXUS' – Engenharia Industrial,24 fevereiro 2026,"Encontra-se aberto concurso (Edital nº 21/2026/BII/AgendasPRR) para a atribuição de 4 (quatro) Bolsas de Iniciação à Investigação (BII) no âmbito da Agenda Mobilizadora para a Inovação Empresarial 'NEXUS', no Instituto de Engenharia Eletrónica e Informática de Aveiro (IEETA), na área científica de Engenharia Industrial. As candidaturas decorrem de 24-02-2026 a 09-03-2026.",http://www.ua.pt/pt/noticias/3/95763/,2026-02-24,"[""2026-02-24"", ""2026-03-09""]","[""€651,12""]","[""recr-agendasprr@ua.pt""]",[],[],Engenharia e Tecnologia,Outro
23,ua,"Bolsa de investigação: Agenda PRR AM2R – Design, Ciência e Eng. Materias, Eng. Mecânica",23 fevereiro 2026,"Encontra-se aberto concurso (Edital nº 20/2026/BI/AgendasPRR) para a atribuição de 2 (duas) Bolsas de Investigação (BI) no âmbito da Agenda Mobilizadora para a Inovação Empresarial AM2R na Escola Superior de Design, Gestão e Tecnologias da Produção Aveiro-Norte (ESAN), nas áreas científicas de Design, Ciência e Engenharia dos Materiais, Ciências da Engenharia, Engenharia Mecânica, Engenharia Industrial, Tecnologia Industrial e áreas afins. As candidaturas decorrem de 23-02-2026 a 06-03-2026.",http://www.ua.pt/pt/noticias/3/95748/,2026-02-23,"[""2026-02-23"", ""2026-03-06""]",[],"[""recr-agendasprr@ua.pt""]",[],[],Engenharia e Tecnologia,Bolsa de Investigação
38,ua,Bolsa - projeto InControl/Ciências da Saúde: Ciências da Reabilitação/Fisioterapia,18 fevereiro 2026,"Encontra-se aberto concurso para a atribuição de uma (1) Bolsa de Investigação (BI) no âmbito do projeto InControl - Desenvolvimento centrado no utilizador e avaliação do custo-efetividade de um programa digital de gestão da dor para pessoas mais velhas/RISE-HEALTH, COMPETE2030-FEDER-00781500. Candidaturas abertas de 23 de fevereiro a 6 de março de 2026.",http://www.ua.pt/pt/noticias/3/94689/,2026-02-23,"[""2026-02-23""]","[""€1.309,64""]","[""essua-bolsas@ua.pt""]",[],[],Ciências da Saúde,Bolsa de Investigação
7,ua,Bolsa de investigação - Edital nº8/2026/Matemática/IEETA,13 março 2026,"Encontra-se aberto concurso para a atribuição de 1 (uma) Bolsa(s) de Investigação (BI) no âmbito do Projeto PARCERIA - Plataforma de Assistentes Colaborativos de Inteligência Artificial, referência CENTRO2030-FEDER-02595400 da Unidade de Investigação IEETA - Instituto de Engenharia Eletrónica e Informática de Aveiro, de 17 a 30 de março de 2026, nas seguintes condições:",http://www.ua.pt/pt/noticias/3/96008/,2026-03-17,"[""2026-03-17"", ""2026-04-30""]",[],"[""ieeta-bolsas@ua.pt""]",[],[],Engenharia e Tecnologia,Bolsa de Investigação
16,ua,"Um posto de trabalho de Professor Coordenador, área de Ciências da Saúde - Enfermagem",13 fevereiro 2026,"CD-CTFP-02-SGRH/2026 - Recrutamento de 1 (um) posto de trabalho de Professor Coordenador, para a área disciplinar de Ciências da Saúde e subárea de Enfermagem, em regime de contrato de trabalho por tempo indeterminado. Candidaturas de 13-02-2026 a 27-03-2026.",http://www.ua.pt/pt/noticias/3/94664/,2026-02-13,"[""2026-02-13"", ""2026-03-27""]",[],"[""sgrh-avct-recrutamento@ua.pt""]",[],[],Ciências da Saúde,Outro
1,ua,Bolsa de investigação - Ciência e Engenharia de Materiais,12 março 2026,"Encontra-se aberto concurso para a atribuição de 1 (uma) Bolsa de Investigação (BI) no âmbito do projeto/unidade de I&D SENSORBILITY - ""Sensores e Sensibilidade: fabricação de sensores piezoelétricos usando manufatura aditiva assistida por polarização elétrica"", COMPETE2030-FEDER-00736200, do Departamento de Engenharia de Materiais/CICECO - Instituto de Materiais de Aveiro. Candidaturas de 13 a 27 de março de 2026.",http://www.ua.pt/pt/noticias/3/95995/,2026-03-13,"[""2026-03-13""]","[""€1.040,98""]","[""pcferreira@ua.pt""]",[],[],Engenharia e Tecnologia,Bolsa de Investigação
4,ua,Constituição de bolsa de interessados para exercício de funções docentes (M/F): Matemática,12 março 2026,BID-03-DMat/2026 - Docência na área de Matemática.,http://www.ua.pt/pt/noticias/3/95993/,2026-03-26,"[""2026-03-26""]",[],"[""dmat-direcao@ua.pt""]",[],[],Informática e IA,Outro
9,ua,"Recrutamento de um posto de Professor Associado, área disciplinar de Medicina",12 março 2026,"A Universidade de Aveiro está a recrutar 1 (um) posto de trabalho de Professor Associado, para a área disciplinar de Medicina, subárea de Medicina Clínica, área de especialização Gastroenterologia, em regime de contrato de trabalho por tempo indeterminado, ao abrigo do Código do Trabalho.",http://www.ua.pt/pt/noticias/3/95998/,2026-03-12,"[""2026-03-12"", ""2026-04-24""]",[],"[""sgrh-avct-recrutamento@ua.pt""]",[],[],Ciências da Saúde,Outro
25,ua,"Bolsas de Iniciação à Investigação: Agenda PRR 'BLOCKCHAIN' – Informática, Eletrotecnia",12 março 2026,"Encontra-se aberto concurso (Edital nº 23/2026/BII/AgendasPRR) para a atribuição de 2 (duas) Bolsas de Investigação (BI) no âmbito da Agenda BLOCKCHAIN.PT - Agenda Descentralizar Portugal com Blockchain, no Instituto de Telecomunicações (IT), na área científica de Informática, Eletrotecnia, Ciências da Engenharia, Ciências e Tecnologias da Comunicação. As candidaturas decorrem de 12-03-2026 a 26-03-2026.",http://www.ua.pt/pt/noticias/3/96003/,2026-03-12,"[""2026-03-12"", ""2026-03-26""]","[""€651,12""]","[""recr-agendasprr@ua.pt""]",[],[],Engenharia e Tecnologia,Outro
35,ua,"Recrutamento de Investigador Doutorado, área de Ciências e Tecnologias da Comunicação",12 março 2026,"Encontra-se aberto concurso, de âmbito internacional, para recrutamento na modalidade de contrato de trabalho a termo resolutivo incerto celebrado ao abrigo do Código de Trabalho, de 1 (um) lugar de Investigador Doutorado de nível inicial na área disciplinar de Ciências e Tecnologias da Comunicação, no âmbito do Projeto H2020 ERA Chair ""BESIDE"". Candidaturas de 12 a 27 de março de 2026.",http://www.ua.pt/pt/noticias/3/95994/,2026-03-12,"[""2026-03-12"", ""2026-03-27""]",[],"[""sgrhconcursosdl57-2016@ua.pt""]",[],[],Engenharia e Tecnologia,Outro
41,ua,"Bolsas de investigação: Eng. Física, Física, Eng. Química, Química, Materiais e afins",10 março 2026,Candidaturas até 27 de março de 2026.,http://www.ua.pt/pt/noticias/3/95973/,2026-03-16,"[""2026-03-16"", ""2026-03-27""]","[""€1.040,98""]","[""fis.secretaria@ua.pt""]",[],[],Informática e IA,Outro
26,ua,Bolsa de investigação - Química,09 março 2026,"Encontra-se aberto concurso para a atribuição de 1 (uma) Bolsa de Investigação (BI) no âmbito do projeto/unidade de I&D CharM - ""Materiais Multifuncionais Eficientes para Adsorção e Conversão de CO2 na Purificação de Biogás"", COMPETE2030-FEDER-00776600 (FCT Ref.: 16589), do CICECO - Instituto de Materiais de Aveiro, nas seguintes condições:",http://www.ua.pt/pt/noticias/3/95961/,2026-03-10,"[""2026-03-10""]","[""€1.040,98""]","[""mirtha@ua.pt""]",[],[],Informática e IA,Bolsa de Investigação
31,ua,Bolsa(s) de Investigação (BI) - EdtlB.9-DFis/2026(8749),09 março 2026,"Encontra-se aberto concurso para a atribuição de uma Bolsa(s) de Investigação (BI) no âmbito do projeto/unidade de I&D (I3N - Instituto de Nanoestruturas, Nanomodelação e Nanofabricação- UID/50025/2025. As candidaturas decorrem até 24 de março de 2026. Referência do edital: EdtlB.9-DFis/2026(8749).",http://www.ua.pt/pt/noticias/3/95965/,2026-03-11,"[""2026-03-11"", ""2026-03-24""]","[""€1.309,64""]","[""fis.secretaria@ua.pt""]",[],[],Informática e IA,Outro
34,ua,Bolsa de Iniciação à Investigação em Engenharia Informática ou áreas afins,09 março 2026,"Encontra-se aberto concurso para a atribuição de uma Bolsa de Iniciação à Investigação (BII) no âmbito do Instituto de Engenharia Eletrónica e Informática de Aveiro (IEETA) - UID/00127/2025, de 11 a 25 de março de 2026, nas seguintes condições:",http://www.ua.pt/pt/noticias/3/95960/,2026-03-11,"[""2026-03-11""]","[""€651,12""]","[""ieeta-bolsas@ua.pt""]",[],"[""https://www.fct.pt/apoios/bolsas/docs/RegulamentoBolsasFCT2019.pdf""]",Engenharia e Tecnologia,Outro
40,ua,"Bolsa de investigação em Ciências Biomédicas, Bioinformática",09 março 2026,"Encontra-se aberto concurso para a atribuição de uma Bolsa de Iniciação Investigação (BII) no âmbito do projeto/unidade de I&D ""Reconnect - Developing innovative therapies for spinal cord injury"". Candidaturas até 20 de março.",http://www.ua.pt/pt/noticias/3/95931/,2026-03-09,"[""2026-03-09""]","[""€651,12""]","[""sivieira@ua.pt""]",[],[],Ciências da Saúde,Bolsa de Investigação
17,ua,Contratação de Técnico Superior (M/F): Ciências do Desporto ou Educação Física e Desporto,06 março 2026,"Pretende-se contratar, em regime de contrato de trabalho sem termo, um Técnico Superior, para Reitoria. Candidaturas até 20 de março.",http://www.ua.pt/pt/noticias/3/95938/,2026-02-02,"[""2026-02-02"", ""2026-03-06"", ""2026-03-20""]","[""€ 1.552,47""]",[],[],[],Informática e IA,Outro
19,ua,Bolsa (BIPD) em Ciências do Ambiente (Planeamento Governação Ambiental) e áreas afins,06 março 2026,"Encontra-se aberto concurso para a atribuição de uma Bolsa de Investigação de Pós-Doutoramento (BIPD) no âmbito do projeto Observatório do Conteúdo de Planos de Ambiente - mapeamento do nexus água-solo, do Departamento de Ambiente e Ordenamento. Candidaturas de 9 a 20 de março 2026.",http://www.ua.pt/pt/noticias/3/95943/,2026-03-09,"[""2026-03-09"", ""2026-03-20"", ""2026-06-30""]","[""€1.851,00""]","[""dao-bolsaseconcursos@ua.pt"", ""teresafidelis@ua.pt""]",[],[],Informática e IA,Bolsa Doutoral
32,ua,"Bolsa de investigação - Biotecnologia, Ciências Biomédicas, Química",06 março 2026,"Encontra-se aberto concurso para a atribuição de uma Bolsa de Investigação (BI) no âmbito do projeto “Reborn - ""Full human-based multi-scale constructs with jammed regenerative pockets for bone engineering"", com a referência AdG 883370 do Departamento de Química/CICECO - Instituto de Materiais de Aveiro. Candidaturas até 23 de março.",http://www.ua.pt/pt/noticias/3/95946/,2026-03-09,"[""2026-03-09"", ""2026-09-30""]","[""€1.309,64""]","[""jmano@ua.pt""]",[],[],Ciências da Saúde,Bolsa de Investigação
10,ua,"Bolsa em Ciências e Eng. Ambiente, Economia e Políticas do Ambiente ou afins: COAST-SCAPES",05 março 2026,"Encontra-se aberto concurso para a atribuição de uma Bolsa de Investigação (BI) no âmbito do projeto COAST-SCAPES - rethinking COASTal landSCAPES with climate-resilient interventions: systemic land-to-sea Solutions, do Departamento de Engenharia Civil em colaboração com o Departamento de Ambiente e Ordenamento da Universidade de Aveiro. Candidaturas de 9 a 24 de março 2026.",http://www.ua.pt/pt/noticias/3/95928/,2026-03-24,"[""2026-03-24""]","[""€1.309,64""]","[""peter.roebeling@ua.pt""]",[],[],Engenharia e Tecnologia,Bolsa de Investigação
21,ua,"Bolsa(s) de Pós-Doutoramento: Física, Eng. Física, Eng. Materiais, Química ou áreas afins",05 março 2026,Candidaturas até 27 de março de 2026.,http://www.ua.pt/pt/noticias/3/95917/,2026-03-16,"[""2026-03-16"", ""2026-03-27"", ""2026-09-01""]","[""€1.851,00""]","[""fis.secretaria@ua.pt""]",[],[],Informática e IA,Bolsa Doutoral
14,ua,Bolsas de Investigação: Agenda PRR ''BLOCKCHAIN'' – Gestão,04 março 2026,"Encontra-se aberto concurso (Edital nº 22/2026/BI/AgendasPRR) para a atribuição de 2 (duas) Bolsas de Investigação (BI) no âmbito da Agenda BLOCKCHAIN.PT - Agenda Descentralizar Portugal com Blockchain, na Escola Superior de Tecnologia e Gestão de Águeda (ESTGA), na área científica de Gestão. As candidaturas decorrem de 04-03-2026 a 17-03-2026",http://www.ua.pt/pt/noticias/3/95911/,2026-03-04,"[""2026-03-04"", ""2026-03-17""]",[],"[""recr-agendasprr@ua.pt""]",[],[],Engenharia e Tecnologia,Outro
22,ua,Bolsa de investigação - Engenharia Física,04 março 2026,"Está aberto o concurso para a atribuição de 1 (uma) Bolsa de Investigação (BI) no âmbito do projeto SLICIoT - Iluminação inteligente centrada no ser humano e comunicações através da Internet das coisas, CENTRO2030-FEDER-02362700 da unidade de investigação CICECO - Instituto de Materiais de Aveiro, nas seguintes condições:",http://www.ua.pt/pt/noticias/3/95903/,2026-03-05,"[""2026-03-05"", ""2026-03-18"", ""2026-04-30""]","[""€1.309,64""]","[""rferreira@ua.pt""]",[],[],Engenharia e Tecnologia,Bolsa de Investigação
24,ua,Recrutamento de dois professores associados: área de Engenharia Mecânica,04 fevereiro 2026,"A Universidade de Aveiro está a recrutar 2 (dois) docentes para a categoria de Professor Associado, na área disciplinar de Engenharia Mecânica.",http://www.ua.pt/pt/noticias/3/94567/,2026-02-04,"[""2026-02-04"", ""2026-03-18""]",[],"[""sgrh-avct-recrutamento@ua.pt""]",[],[],Engenharia e Tecnologia,Outro
33,ua,Recrutamento de Professor Catedrático: área de Engenharia Mecânica,04 fevereiro 2026,"A Universidade de Aveiro está a recrutar 1 (um) docente para a categoria de Professor Catedrático, na área disciplinar de Engenharia Mecânica.",http://www.ua.pt/pt/noticias/3/94568/,2026-02-04,"[""2026-02-04"", ""2026-03-18""]",[],"[""sgrh-avct-recrutamento@ua.pt""]",[],[],Engenharia e Tecnologia,Outro
6,ua,Recrutamento de investigador doutorado na área de Informática,03 março 2026,"Encontra-se aberto concurso, de âmbito internacional, para recrutamento na modalidade de contrato de trabalho a termo resolutivo incerto celebrado ao abrigo do Código de Trabalho, de 1 (um) Investigador Doutorado de Nível Inicial para o exercício de atividades de investigação científica na área científica de Informática, subárea de Computação Centrada no Humano , no âmbito do projeto “VR4Rehab: Jogos sérios em Realidade Virtual para reabilitação pós Acidente Vascular Cerebral”",http://www.ua.pt/pt/noticias/3/95885/,2026-03-03,"[""2026-03-03"", ""2026-03-24""]",[],"[""sgrh-concursosdl57-2016@ua.pt""]",[],[],Informática e IA,Outro
12,ua,Bolsa de Iniciação à Investigação (BII) - EdtlB.5-DFis/2026(7869),03 março 2026,Candidaturas até 18 de março de 2026.,http://www.ua.pt/pt/noticias/3/95882/,2026-03-05,"[""2026-03-05"", ""2026-03-18""]","[""€651,12""]","[""fis.secretaria@ua.pt""]",[],[],Informática e IA,Outro
27,ua,"Recrutamento de investigador doutorado: áreas Bioquímica, Biotecnologia e Química",03 março 2026,"Encontra-se aberto concurso, de âmbito internacional, para recrutamento na modalidade de contrato de trabalho a termo resolutivo incerto celebrado ao abrigo do Código de Trabalho, de 1 (um) Investigador Doutorado de Nível Inicial para o exercício de atividades de investigação nas áreas científicas de Bioquímica, Biotecnologia e Química, no âmbito do projeto: MoodFood.",http://www.ua.pt/pt/noticias/3/95879/,2026-03-03,"[""2026-03-03"", ""2026-03-17""]",[],"[""sgrh-concursosdl57-2016@ua.pt""]",[],[],Engenharia e Tecnologia,Outro
29,ua,Recrutamento de investigador doutorado: área de Química - Projeto STABLEWINE,03 março 2026,"Encontra-se aberto concurso, de âmbito internacional, para recrutamento na modalidade de contrato de trabalho a termo resolutivo incerto celebrado ao abrigo do Código de Trabalho, de 1 (um) lugar de Investigador Doutorado de Nível Inicial para o exercício de atividades de investigação na área científica de Química, no âmbito do projeto STABLEWINE.",http://www.ua.pt/pt/noticias/3/95883/,2026-03-03,"[""2026-03-03"", ""2026-03-17""]",[],"[""sgrh-concursosdl57-2016@ua.pt""]",[],[],Informática e IA,Outro
39,ua,Recrutamento de investigador doutorado na área de Ciências do Mar - Projeto MarketTuna,03 março 2026,"Encontra-se aberto concurso, de âmbito internacional, para recrutamento na modalidade de contrato de trabalho a termo resolutivo incerto celebrado ao abrigo do Código de Trabalho, de 1 (um) lugar de Investigador Doutorado de Nível Inicial para o exercício de atividades de investigação na área científica de Ciências do Mar, no âmbito do projeto MarketTuna.",http://www.ua.pt/pt/noticias/3/95886/,2026-03-03,"[""2026-03-03"", ""2026-03-17""]",[],"[""sgrh-concursosdl57-2016@ua.pt""]",[],[],Informática e IA,Outro
2,ua,Recrutamento de Professor Catedrático na área disciplinar de Física,02 março 2026,A Universidade de Aveiro está a recrutar 1 (um) Professor Catedrático na área disciplinar de Física.,http://www.ua.pt/pt/noticias/3/95854/,2026-03-02,"[""2026-03-02"", ""2026-04-14""]",[],"[""sgrh-avct-recrutamento@ua.pt""]",[],[],Ciências Naturais,Outro
3,ua,Bolsa de investigação no âmbito do projeto SINT-3R: Engenharia de Materiais,02 março 2026,Encontra-se aberto concurso para a atribuição de 1 (uma) Bolsa(s) de Investigação (BI) no âmbito do projeto SINT3R - Componentes metálicos obtidos por Requalificação de Resíduos metálicos Reintroduzidos em processos de Sinterização energeticamente eficientes (COMPETE2030-FEDER- 02219100). Candidaturas até 13-03-2026,http://www.ua.pt/pt/noticias/3/95864/,2026-03-02,"[""2026-03-02"", ""2026-03-13""]",[],"[""filipe@ua.pt""]",[],[],Engenharia e Tecnologia,Bolsa de Investigação
15,ua,Recrutamento de Professor Auxiliar para a área de Engenharia Química,02 março 2026,"A Universidade de Aveiro está a recrutar 1 (um) Professor Auxiliar, para a área disciplinar de Engenharia Química, em regime de contrato de trabalho por tempo indeterminado, ao abrigo do Código do Trabalho.",http://www.ua.pt/pt/noticias/3/95856/,2026-03-02,"[""2026-03-02"", ""2026-04-14""]",[],"[""sgrh-avct-recrutamento@ua.pt""]",[],[],Engenharia e Tecnologia,Outro
20,ua,"Recrutamento de dois investigadores doutorados: áreas de Química, Eng. Química ou outras",02 março 2026,"Encontra-se aberto concurso, de âmbito internacional, para recrutamento na modalidade de contrato de trabalho a termo resolutivo incerto celebrado ao abrigo do Código de Trabalho, de 2 (dois) investigadores doutorados de Nível Inicial para o exercício de atividades de investigação científica nas áreas científicas de Química, Eng.ª Química, Bioquímica, e Ciência e Eng.ª dos Materiais, no âmbito do projeto POLINA.",http://www.ua.pt/pt/noticias/3/95848/,2026-03-02,"[""2026-03-02"", ""2026-03-16""]",[],"[""sgrh-concursosdl57-2016@ua.pt""]",[],[],Informática e IA,Outro
28,ua,Bolsa de Iniciação à Investigação na àrea da Psicologia,02 março 2026,"Encontra-se aberto até 16 de março, concurso para a atribuição de uma Bolsa de Iniciação Investigação (BII) no âmbito do projeto/unidade de I&D Exploração de Efeitos Específicos de Acção com Desfasamentos Espaciais Perceptivos: O ‘Efeito Pong’ modula o Momento Representational?, 2024.16483.PEX, na àrea Científica da Psicologia.",http://www.ua.pt/pt/noticias/3/95861/,,[],[],[],[],"[""https://uaonline.ua.pt/upload/med/joua_m_9692.pdf""]",Informática e IA,Outro
30,ua,Bolsa de Investigação para Estudantes de Mestrado,02 março 2026,"Encontra-se aberto até 16 de março, concurso para a atribuição de uma Bolsa de Investigação (BI) no âmbito do projeto/unidade de I&D Exploração de Efeitos Específicos de Acção com Desfasamentos Espaciais Perceptivos: O ‘Efeito Pong’ modula o Momento Representational?, 2024.16483.PEX, na área Científica em Psicologia.",http://www.ua.pt/pt/noticias/3/95862/,,[],[],[],[],"[""https://uaonline.ua.pt/upload/med/joua_m_9693.pdf""]",Informática e IA,Bolsa de Investigação
36,ua,Recrutamento de investigador doutorado na área de Biologia,02 março 2026,"Encontra-se aberto concurso, de âmbito internacional, para recrutamento na modalidade de contrato de trabalho a termo resolutivo incerto celebrado ao abrigo do Código de Trabalho, de 1 (um) Investigador Doutorado de Nível Inicial para o exercício de atividades de investigação na área científica de Biologia e subárea de Ecologia e Biodiversidade no âmbito do projeto de investigação “ProAqua+ Desenvolvimento de materiais multifuncionais para biofiltros em aquacultura"".",http://www.ua.pt/pt/noticias/3/95850/,2026-03-02,"[""2026-03-02"", ""2026-03-16""]",[],"[""sgrh-concursosdl57-2016@ua.pt""]",[],[],Informática e IA,Outro
42,ua,Recrutamento de Professor Auxiliar: área de Música,02 março 2026,"A Universidade de Aveiro está a recrutar 1 (um) Professor Auxiliar, para a área disciplinar de Música, na subárea de Ciências Musicais e área de especialização de Teoria e Análise Musical, em regime de contrato de trabalho por tempo indeterminado, ao abrigo do Código do Trabalho.",http://www.ua.pt/pt/noticias/3/95852/,2026-03-02,"[""2026-03-02"", ""2026-04-14""]",[],"[""sgrh-avct-recrutamento@ua.pt""]",[],[],Informática e IA,Outro
